INSERT INTO stores (id, organization_id, store_name, store_address, store_phone, store_status, store_logo, store_cover, created_at) VALUES
(1, '28c8470c-cfbd-492f-8a06-c5ee580ba089', 'Lazada Philippines', 'BGC, Taguig City', '09171234567', 'https://picsum.photos/seed/lazada-philippines-logo/200/200', 'https://picsum.photos/seed/lazada-philippines-cover/800/400', 'active', datetime('now', '-30 days')),
(2, '28c8470c-cfbd-492f-8a06-c5ee580ba089', 'Shopee Mall', 'Makati City', '09181234567', 'active', 'https://picsum.photos/seed/shopee-mall-logo/200/200', 'https://picsum.photos/seed/shopee-mall-cover/800/400', datetime('now', '-29 days')),
(3, '28c8470c-cfbd-492f-8a06-c5ee580ba089', 'SM Appliance Center', 'SM Mall of Asia', '09191234567', 'active', 'https://picsum.photos/seed/sm-appliance-center-logo/200/200', 'https://picsum.photos/seed/sm-appliance-center-cover/800/400', datetime('now', '-28 days')),
(4, '28c8470c-cfbd-492f-8a06-c5ee580ba089', 'Abenson', 'Quezon City', '09201234567', 'active', 'https://picsum.photos/seed/abenson-logo/200/200', 'https://picsum.photos/seed/abenson-cover/800/400', datetime('now', '-27 days')),
(5, '28c8470c-cfbd-492f-8a06-c5ee580ba089', 'Anson''s', 'Mandaluyong', '09211234567', 'active', 'https://picsum.photos/seed/ansons-logo/200/200', 'https://picsum.photos/seed/ansons-cover/800/400', datetime('now', '-26 days')),
(6, '28c8470c-cfbd-492f-8a06-c5ee580ba089', 'Western Appliances', 'Pasig City', '09221234567', 'active', 'https://picsum.photos/seed/western-appliances-logo/200/200', 'https://picsum.photos/seed/western-appliances-cover/800/400', datetime('now', '-25 days')),
(7, '28c8470c-cfbd-492f-8a06-c5ee580ba089', 'Robinsons Appliances', 'Robinsons Galleria', '09231234567', 'active', 'https://picsum.photos/seed/robinsons-appliances-logo/200/200', 'https://picsum.photos/seed/robinsons-appliances-cover/800/400', datetime('now', '-24 days')),
(8, '28c8470c-cfbd-492f-8a06-c5ee580ba089', 'Octagon', 'Gilmore, QC', '09241234567', 'https://picsum.photos/seed/octagon-logo/200/200', 'https://picsum.photos/seed/octagon-cover/800/400', 'active', datetime('now', '-23 days')),
(9, '28c8470c-cfbd-492f-8a06-c5ee580ba089', 'PC Express', 'SM Megamall', '09251234567', 'active', 'https://picsum.photos/seed/pc-express-logo/200/200', 'https://picsum.photos/seed/pc-express-cover/800/400', datetime('now', '-22 days')),
(10, '28c8470c-cfbd-492f-8a06-c5ee580ba089', 'Datablitz', 'SM North EDSA', '09261234567', 'active', 'https://picsum.photos/seed/datablitz-logo/200/200', 'https://picsum.photos/seed/datablitz-cover/800/400', datetime('now', '-21 days')),
(11, '28c8470c-cfbd-492f-8a06-c5ee580ba089', 'Toy Kingdom', 'Trinoma', '09271234567', 'active', 'https://picsum.photos/seed/toy-kingdom-logo/200/200', 'https://picsum.photos/seed/toy-kingdom-cover/800/400', datetime('now', '-20 days')),
(12, '28c8470c-cfbd-492f-8a06-c5ee580ba089', 'National Book Store', 'Gateway Mall', '09281234567', 'active', 'https://picsum.photos/seed/national-book-store-logo/200/200', 'https://picsum.photos/seed/national-book-store-cover/800/400', datetime('now', '-19 days')),
(13, '28c8470c-cfbd-492f-8a06-c5ee580ba089', 'Landmark Department Store', 'Makati City', '09291234567', 'active', 'https://picsum.photos/seed/landmark-department-store-logo/200/200', 'https://picsum.photos/seed/landmark-department-store-cover/800/400', datetime('now', '-18 days')),
(14, '28c8470c-cfbd-492f-8a06-c5ee580ba089', 'Uniqlo', 'Ayala Malls', '09301234567', 'active', 'https://picsum.photos/seed/uniqlo-logo/200/200', 'https://picsum.photos/seed/uniqlo-cover/800/400', datetime('now', '-17 days')),
(15, '28c8470c-cfbd-492f-8a06-c5ee580ba089', 'H&M Philippines', 'SM Aura', '09311234567', 'active', 'https://picsum.photos/seed/h&m-philippines-logo/200/200', 'https://picsum.photos/seed/h&m-philippines-cover/800/400', datetime('now', '-16 days')),
(16, '28c8470c-cfbd-492f-8a06-c5ee580ba089', 'Watsons', 'Ever Gotesco', '09321234567', 'active', 'https://picsum.photos/seed/watsons-logo/200/200', 'https://picsum.photos/seed/watsons-cover/800/400', datetime('now', '-15 days')),
(17, '28c8470c-cfbd-492f-8a06-c5ee580ba089', 'Mercury Drug', 'Quezon Avenue', '09331234567', 'active', 'https://picsum.photos/seed/mercury-drug-logo/200/200', 'https://picsum.photos/seed/mercury-drug-cover/800/400', datetime('now', '-14 days')),
(18, '28c8470c-cfbd-492f-8a06-c5ee580ba089', 'Ace Hardware', 'SM Fairview', '09341234567', 'active', 'https://picsum.photos/seed/ace-hardware-logo/200/200', 'https://picsum.photos/seed/ace-hardware-cover/800/400', datetime('now', '-13 days')),
(19, '28c8470c-cfbd-492f-8a06-c5ee580ba089', 'Handyman', 'SM San Lazaro', '09351234567', 'active', 'https://picsum.photos/seed/handyman-logo/200/200', 'https://picsum.photos/seed/handyman-cover/800/400', datetime('now', '-12 days')),
(20, '28c8470c-cfbd-492f-8a06-c5ee580ba089', 'True Value', 'Alabang Town Center', '09361234567', 'active', 'https://picsum.photos/seed/true-value-logo/200/200', 'https://picsum.photos/seed/true-value-cover/800/400', datetime('now', '-11 days')),
(21, '28c8470c-cfbd-492f-8a06-c5ee580ba089', 'Office Warehouse', 'SM Southmall', '09371234567', 'active', 'https://picsum.photos/seed/office-warehouse-logo/200/200', 'https://picsum.photos/seed/office-warehouse-cover/800/400', datetime('now', '-10 days')),
(22, '28c8470c-cfbd-492f-8a06-c5ee580ba089', 'Samsung Store', 'Power Plant Mall', '09381234567', 'active', 'https://picsum.photos/seed/samsung-store-logo/200/200', 'https://picsum.photos/seed/samsung-store-cover/800/400', datetime('now', '-9 days')),
(23, '28c8470c-cfbd-492f-8a06-c5ee580ba089', 'Apple Store', 'Greenbelt', '09391234567', 'active', 'https://picsum.photos/seed/apple-store-logo/200/200', 'https://picsum.photos/seed/apple-store-cover/800/400', datetime('now', '-8 days')),
(24, '28c8470c-cfbd-492f-8a06-c5ee580ba089', 'Xiaomi Store', 'SM Megamall', '09401234567', 'active', 'https://picsum.photos/seed/xiaomi-store-logo/200/200', 'https://picsum.photos/seed/xiaomi-store-cover/800/400', datetime('now', '-7 days')),
(25, '28c8470c-cfbd-492f-8a06-c5ee580ba089', 'Realme Concept Store', 'Festival Mall', '09411234567', 'active', 'https://picsum.photos/seed/realme-concept-store-logo/200/200', 'https://picsum.photos/seed/realme-concept-store-cover/800/400', datetime('now', '-6 days'));

INSERT INTO customers (id, organization_id, customer_name, customer_address, customer_phone, customer_email, customer_status, customer_photo, created_at) VALUES
(1, '28c8470c-cfbd-492f-8a06-c5ee580ba089', 'Maria Santos', 'Quezon City', '09171111111', 'maria@example.com', 'active', 'https://picsum.photos/seed/maria-santos/200/200', datetime('now', '-30 days')),
(2, '28c8470c-cfbd-492f-8a06-c5ee580ba089', 'Juan Dela Cruz', 'Manila', '09172222222', 'juan@example.com', 'active', 'https://picsum.photos/seed/juan-dela-cruz/200/200', datetime('now', '-29 days')),
(3, '28c8470c-cfbd-492f-8a06-c5ee580ba089', 'Ana Reyes', 'Makati City', '09173333333', 'ana@example.com', 'active', 'https://picsum.photos/seed/ana-reyes/200/200', datetime('now', '-28 days')),
(4, '28c8470c-cfbd-492f-8a06-c5ee580ba089', 'Pedro Garcia', 'Pasig City', '09174444444', 'pedro@example.com', 'active', 'https://picsum.photos/seed/pedro-garcia/200/200', datetime('now', '-27 days')),
(5, '28c8470c-cfbd-492f-8a06-c5ee580ba089', 'Rosa Lopez', 'Taguig City', '09175555555', 'rosa@example.com', 'active', 'https://picsum.photos/seed/rosa-lopez/200/200', datetime('now', '-26 days')),
(6, '28c8470c-cfbd-492f-8a06-c5ee580ba089', 'Carlos Martinez', 'Mandaluyong', '09176666666', 'carlos@example.com', 'active', 'https://picsum.photos/seed/carlos-martinez/200/200', datetime('now', '-25 days')),
(7, '28c8470c-cfbd-492f-8a06-c5ee580ba089', 'Elena Cruz', 'Caloocan', '09177777777', 'elena@example.com', 'active', 'https://picsum.photos/seed/elena-cruz/200/200', datetime('now', '-24 days')),
(8, '28c8470c-cfbd-492f-8a06-c5ee580ba089', 'Miguel Tan', 'Las Pinas', '09178888888', 'miguel@example.com', 'active', 'https://picsum.photos/seed/miguel-tan/200/200', datetime('now', '-23 days')),
(9, '28c8470c-cfbd-492f-8a06-c5ee580ba089', 'Sofia Lim', 'Paranaque', '09179999999', 'sofia@example.com', 'active', 'https://picsum.photos/seed/sofia-lim/200/200', datetime('now', '-22 days')),
(10, '28c8470c-cfbd-492f-8a06-c5ee580ba089', 'Antonio Sy', 'Muntinlupa', '09180000000', 'antonio@example.com', 'active', 'https://picsum.photos/seed/antonio-sy/200/200', datetime('now', '-21 days')),
(11, '28c8470c-cfbd-492f-8a06-c5ee580ba089', 'Lucia Fernandez', 'Marikina', '09181111111', 'lucia@example.com', 'active', 'https://picsum.photos/seed/lucia-fernandez/200/200', datetime('now', '-20 days')),
(12, '28c8470c-cfbd-492f-8a06-c5ee580ba089', 'Roberto Aquino', 'Pasay City', '09182222222', 'roberto@example.com', 'active', 'https://picsum.photos/seed/roberto-aquino/200/200', datetime('now', '-19 days')),
(13, '28c8470c-cfbd-492f-8a06-c5ee580ba089', 'Carmen Ramos', 'Valenzuela', '09183333333', 'carmen@example.com', 'active', 'https://picsum.photos/seed/carmen-ramos/200/200', datetime('now', '-18 days')),
(14, '28c8470c-cfbd-492f-8a06-c5ee580ba089', 'Jose Villanueva', 'Malabon', '09184444444', 'jose@example.com', 'active', 'https://picsum.photos/seed/jose-villanueva/200/200', datetime('now', '-17 days')),
(15, '28c8470c-cfbd-492f-8a06-c5ee580ba089', 'Teresa Mendoza', 'Navotas', '09185555555', 'teresa@example.com', 'active', 'https://picsum.photos/seed/teresa-mendoza/200/200', datetime('now', '-16 days')),
(16, '28c8470c-cfbd-492f-8a06-c5ee580ba089', 'Ricardo Gonzales', 'San Juan', '09186666666', 'ricardo@example.com', 'active', 'https://picsum.photos/seed/ricardo-gonzales/200/200', datetime('now', '-15 days')),
(17, '28c8470c-cfbd-492f-8a06-c5ee580ba089', 'Patricia Bautista', 'Pateros', '09187777777', 'patricia@example.com', 'active', 'https://picsum.photos/seed/patricia-bautista/200/200', datetime('now', '-14 days')),
(18, '28c8470c-cfbd-492f-8a06-c5ee580ba089', 'Fernando Torres', 'Bulacan', '09188888888', 'fernando@example.com', 'active', 'https://picsum.photos/seed/fernando-torres/200/200', datetime('now', '-13 days')),
(19, '28c8470c-cfbd-492f-8a06-c5ee580ba089', 'Dolores Castro', 'Cavite', '09189999999', 'dolores@example.com', 'active', 'https://picsum.photos/seed/dolores-castro/200/200', datetime('now', '-12 days')),
(20, '28c8470c-cfbd-492f-8a06-c5ee580ba089', 'Emmanuel Rivera', 'Laguna', '09190000000', 'emmanuel@example.com', 'active', 'https://picsum.photos/seed/emmanuel-rivera/200/200', datetime('now', '-11 days')),
(21, '28c8470c-cfbd-492f-8a06-c5ee580ba089', 'Rosario Salazar', 'Rizal', '09191111111', 'rosario@example.com', 'active', 'https://picsum.photos/seed/rosario-salazar/200/200', datetime('now', '-10 days')),
(22, '28c8470c-cfbd-492f-8a06-c5ee580ba089', 'Leonardo Perez', 'Batangas', '09192222222', 'leonardo@example.com', 'active', 'https://picsum.photos/seed/leonardo-perez/200/200', datetime('now', '-9 days')),
(23, '28c8470c-cfbd-492f-8a06-c5ee580ba089', 'Beatriz Morales', 'Pampanga', '09193333333', 'beatriz@example.com', 'active', 'https://picsum.photos/seed/beatriz-morales/200/200', datetime('now', '-8 days')),
(24, '28c8470c-cfbd-492f-8a06-c5ee580ba089', 'Alfredo Navarro', 'Zambales', '09194444444', 'alfredo@example.com', 'active', 'https://picsum.photos/seed/alfredo-navarro/200/200', datetime('now', '-7 days')),
(25, '28c8470c-cfbd-492f-8a06-c5ee580ba089', 'Margarita Aguilar', 'Pangasinan', '09195555555', 'margarita@example.com', 'active', 'https://picsum.photos/seed/margarita-aguilar/200/200', datetime('now', '-6 days'));

INSERT INTO orders (id, organization_id, order_number, order_name, order_description, order_quantity, order_price, order_fee, order_customer_price, order_total, order_customer_total, order_status, store_id, customer_id, order_image, created_at) VALUES
(1, '28c8470c-cfbd-492f-8a06-c5ee580ba089', 'ORD-28c8-001', 'iPhone 15 Pro Max', 'Space Black 256GB', 1, 65000, 500, 68000, 65500, 68000, 'pending', 1, 1, 'https://picsum.photos/seed/iphone-15-pro-max/400/400', datetime('now', '-50 days')),
(2, '28c8470c-cfbd-492f-8a06-c5ee580ba089', 'ORD-28c8-002', 'Samsung Galaxy S24 Ultra', 'Titanium Gray 512GB', 1, 72000, 600, 75000, 72600, 75000, 'bought', 2, 2, 'https://picsum.photos/seed/samsung-galaxy-s24-ultra/400/400', datetime('now', '-49 days')),
(3, '28c8470c-cfbd-492f-8a06-c5ee580ba089', 'ORD-28c8-003', 'LG Smart TV 55"', 'OLED C3 Series', 1, 55000, 1000, 58000, 56000, 58000, 'delivered', 3, 3, 'https://picsum.photos/seed/lg-smart-tv-55"/400/400', datetime('now', '-48 days')),
(4, '28c8470c-cfbd-492f-8a06-c5ee580ba089', 'ORD-28c8-004', 'MacBook Air M3', 'Midnight 16GB 512GB', 1, 85000, 800, 89000, 85800, 89000, 'packed', 4, 4, 'https://picsum.photos/seed/macbook-air-m3/400/400', datetime('now', '-47 days')),
(5, '28c8470c-cfbd-492f-8a06-c5ee580ba089', 'ORD-28c8-005', 'Airpods Pro 2', 'USB-C Model', 2, 14500, 200, 15500, 29400, 31000, 'pending', 5, 5, 'https://picsum.photos/seed/airpods-pro-2/400/400', datetime('now', '-46 days')),
(6, '28c8470c-cfbd-492f-8a06-c5ee580ba089', 'ORD-28c8-006', 'Samsung Refrigerator', 'Side by Side 600L', 1, 45000, 2000, 50000, 47000, 50000, 'bought', 6, 6, 'https://picsum.photos/seed/samsung-refrigerator/400/400', datetime('now', '-45 days')),
(7, '28c8470c-cfbd-492f-8a06-c5ee580ba089', 'ORD-28c8-007', 'Dyson V15 Vacuum', 'With HEPA Filter', 1, 35000, 500, 38000, 35500, 38000, 'delivered', 7, 7, 'https://picsum.photos/seed/dyson-v15-vacuum/400/400', datetime('now', '-44 days')),
(8, '28c8470c-cfbd-492f-8a06-c5ee580ba089', 'ORD-28c8-008', 'Gaming PC Bundle', 'RTX 4080 Complete Set', 1, 120000, 3000, 130000, 123000, 130000, 'pending', 8, 8, 'https://picsum.photos/seed/gaming-pc-bundle/400/400', datetime('now', '-43 days')),
(9, '28c8470c-cfbd-492f-8a06-c5ee580ba089', 'ORD-28c8-009', 'Nintendo Switch OLED', 'Zelda Edition', 1, 22000, 300, 24000, 22300, 24000, 'packed', 9, 9, 'https://picsum.photos/seed/nintendo-switch-oled/400/400', datetime('now', '-42 days')),
(10, '28c8470c-cfbd-492f-8a06-c5ee580ba089', 'ORD-28c8-010', 'PS5 Bundle', 'Disc Version + Extra Controller', 1, 32000, 500, 35000, 32500, 35000, 'bought', 10, 10, 'https://picsum.photos/seed/ps5-bundle/400/400', datetime('now', '-41 days')),
(11, '28c8470c-cfbd-492f-8a06-c5ee580ba089', 'ORD-28c8-011', 'LEGO Star Wars Set', 'Millennium Falcon 75375', 1, 8500, 100, 9500, 8600, 9500, 'delivered', 11, 11, 'https://picsum.photos/seed/lego-star-wars-set/400/400', datetime('now', '-40 days')),
(12, '28c8470c-cfbd-492f-8a06-c5ee580ba089', 'ORD-28c8-012', 'Harry Potter Collection', 'Complete Box Set', 1, 3500, 50, 4000, 3550, 4000, 'pending', 12, 12, 'https://picsum.photos/seed/harry-potter-collection/400/400', datetime('now', '-39 days')),
(13, '28c8470c-cfbd-492f-8a06-c5ee580ba089', 'ORD-28c8-013', 'Samsonite Luggage', '28" Spinner', 1, 12000, 200, 13500, 12200, 13500, 'bought', 13, 13, 'https://picsum.photos/seed/samsonite-luggage/400/400', datetime('now', '-38 days')),
(14, '28c8470c-cfbd-492f-8a06-c5ee580ba089', 'ORD-28c8-014', 'Uniqlo Heattech Set', '5 Pieces Bundle', 5, 1500, 50, 1700, 7750, 8500, 'packed', 14, 14, 'https://picsum.photos/seed/uniqlo-heattech-set/400/400', datetime('now', '-37 days')),
(15, '28c8470c-cfbd-492f-8a06-c5ee580ba089', 'ORD-28c8-015', 'H&M Winter Collection', 'Complete Outfit', 3, 2500, 100, 2800, 7800, 8400, 'delivered', 15, 15, 'https://picsum.photos/seed/h&m-winter-collection/400/400', datetime('now', '-36 days')),
(16, '28c8470c-cfbd-492f-8a06-c5ee580ba089', 'ORD-28c8-016', 'Skincare Bundle', 'Korean Set 10pcs', 1, 5500, 100, 6200, 5600, 6200, 'pending', 16, 16, 'https://picsum.photos/seed/skincare-bundle/400/400', datetime('now', '-35 days')),
(17, '28c8470c-cfbd-492f-8a06-c5ee580ba089', 'ORD-28c8-017', 'Vitamins Bundle', 'Complete Health Pack', 1, 3200, 50, 3500, 3250, 3500, 'bought', 17, 17, 'https://picsum.photos/seed/vitamins-bundle/400/400', datetime('now', '-34 days')),
(18, '28c8470c-cfbd-492f-8a06-c5ee580ba089', 'ORD-28c8-018', 'Power Tools Set', 'Professional Grade', 1, 15000, 300, 16500, 15300, 16500, 'delivered', 18, 18, 'https://picsum.photos/seed/power-tools-set/400/400', datetime('now', '-33 days')),
(19, '28c8470c-cfbd-492f-8a06-c5ee580ba089', 'ORD-28c8-019', 'Paint Supplies', 'Complete DIY Kit', 1, 4500, 100, 5000, 4600, 5000, 'packed', 19, 19, 'https://picsum.photos/seed/paint-supplies/400/400', datetime('now', '-32 days')),
(20, '28c8470c-cfbd-492f-8a06-c5ee580ba089', 'ORD-28c8-020', 'Garden Tools', 'Premium Set', 1, 6000, 150, 6800, 6150, 6800, 'pending', 20, 20, 'https://picsum.photos/seed/garden-tools/400/400', datetime('now', '-31 days')),
(21, '28c8470c-cfbd-492f-8a06-c5ee580ba089', 'ORD-28c8-021', 'Office Chair', 'Ergonomic Executive', 1, 12000, 500, 13500, 12500, 13500, 'bought', 21, 21, 'https://picsum.photos/seed/office-chair/400/400', datetime('now', '-30 days')),
(22, '28c8470c-cfbd-492f-8a06-c5ee580ba089', 'ORD-28c8-022', 'Samsung Tab S9+', 'With S Pen', 1, 52000, 400, 55000, 52400, 55000, 'delivered', 22, 22, 'https://picsum.photos/seed/samsung-tab-s9+/400/400', datetime('now', '-29 days')),
(23, '28c8470c-cfbd-492f-8a06-c5ee580ba089', 'ORD-28c8-023', 'iPad Pro M4', '12.9" 256GB WiFi', 1, 68000, 600, 72000, 68600, 72000, 'packed', 23, 23, 'https://picsum.photos/seed/ipad-pro-m4/400/400', datetime('now', '-28 days')),
(24, '28c8470c-cfbd-492f-8a06-c5ee580ba089', 'ORD-28c8-024', 'Xiaomi 14 Ultra', 'Leica Camera Edition', 1, 58000, 500, 62000, 58500, 62000, 'pending', 24, 24, 'https://picsum.photos/seed/xiaomi-14-ultra/400/400', datetime('now', '-27 days')),
(25, '28c8470c-cfbd-492f-8a06-c5ee580ba089', 'ORD-28c8-025', 'Realme GT 5 Pro', '16GB 512GB', 1, 28000, 300, 30000, 28300, 30000, 'bought', 25, 25, 'https://picsum.photos/seed/realme-gt-5-pro/400/400', datetime('now', '-26 days')),
(26, '28c8470c-cfbd-492f-8a06-c5ee580ba089', 'ORD-28c8-026', 'Apple Watch Ultra 2', 'Titanium 49mm', 1, 52000, 400, 55000, 52400, 55000, 'delivered', 1, 1, 'https://picsum.photos/seed/apple-watch-ultra-2/400/400', datetime('now', '-25 days')),
(27, '28c8470c-cfbd-492f-8a06-c5ee580ba089', 'ORD-28c8-027', 'Samsung Galaxy Watch 6', 'Classic 47mm', 1, 18000, 200, 19500, 18200, 19500, 'pending', 2, 2, 'https://picsum.photos/seed/samsung-galaxy-watch-6/400/400', datetime('now', '-24 days')),
(28, '28c8470c-cfbd-492f-8a06-c5ee580ba089', 'ORD-28c8-028', 'LG Soundbar', 'Dolby Atmos 7.1.4', 1, 35000, 600, 38000, 35600, 38000, 'packed', 3, 3, 'https://picsum.photos/seed/lg-soundbar/400/400', datetime('now', '-23 days')),
(29, '28c8470c-cfbd-492f-8a06-c5ee580ba089', 'ORD-28c8-029', 'Sony WH-1000XM5', 'Noise Cancelling', 1, 19000, 200, 20500, 19200, 20500, 'bought', 4, 4, 'https://picsum.photos/seed/sony-wh-1000xm5/400/400', datetime('now', '-22 days')),
(30, '28c8470c-cfbd-492f-8a06-c5ee580ba089', 'ORD-28c8-030', 'JBL Flip 6', 'Portable Speaker', 2, 6500, 100, 7200, 13200, 14400, 'delivered', 5, 5, 'https://picsum.photos/seed/jbl-flip-6/400/400', datetime('now', '-21 days')),
(31, '28c8470c-cfbd-492f-8a06-c5ee580ba089', 'ORD-28c8-031', 'Panasonic Microwave', 'Inverter 32L', 1, 8500, 200, 9500, 8700, 9500, 'pending', 6, 6, 'https://picsum.photos/seed/panasonic-microwave/400/400', datetime('now', '-20 days')),
(32, '28c8470c-cfbd-492f-8a06-c5ee580ba089', 'ORD-28c8-032', 'Philips Air Fryer', 'XXL HD9861', 1, 15000, 300, 16500, 15300, 16500, 'bought', 7, 7, 'https://picsum.photos/seed/philips-air-fryer/400/400', datetime('now', '-19 days')),
(33, '28c8470c-cfbd-492f-8a06-c5ee580ba089', 'ORD-28c8-033', 'ASUS ROG Monitor', '27" 165Hz 1ms', 1, 25000, 400, 27000, 25400, 27000, 'packed', 8, 8, 'https://picsum.photos/seed/asus-rog-monitor/400/400', datetime('now', '-18 days')),
(34, '28c8470c-cfbd-492f-8a06-c5ee580ba089', 'ORD-28c8-034', 'Logitech G Pro X', 'Wireless Gaming Mouse', 1, 7500, 100, 8200, 7600, 8200, 'delivered', 9, 9, 'https://picsum.photos/seed/logitech-g-pro-x/400/400', datetime('now', '-17 days')),
(35, '28c8470c-cfbd-492f-8a06-c5ee580ba089', 'ORD-28c8-035', 'Xbox Series X', '1TB SSD Console', 1, 29000, 500, 32000, 29500, 32000, 'pending', 10, 10, 'https://picsum.photos/seed/xbox-series-x/400/400', datetime('now', '-16 days')),
(36, '28c8470c-cfbd-492f-8a06-c5ee580ba089', 'ORD-28c8-036', 'LEGO Technic', 'Lamborghini Set', 1, 25000, 300, 27000, 25300, 27000, 'bought', 11, 11, 'https://picsum.photos/seed/lego-technic/400/400', datetime('now', '-15 days')),
(37, '28c8470c-cfbd-492f-8a06-c5ee580ba089', 'ORD-28c8-037', 'Kindle Paperwhite', '16GB Signature', 1, 8500, 100, 9200, 8600, 9200, 'delivered', 12, 12, 'https://picsum.photos/seed/kindle-paperwhite/400/400', datetime('now', '-14 days')),
(38, '28c8470c-cfbd-492f-8a06-c5ee580ba089', 'ORD-28c8-038', 'Delsey Travel Set', '3 Piece Collection', 1, 18000, 400, 20000, 18400, 20000, 'packed', 13, 13, 'https://picsum.photos/seed/delsey-travel-set/400/400', datetime('now', '-13 days')),
(39, '28c8470c-cfbd-492f-8a06-c5ee580ba089', 'ORD-28c8-039', 'North Face Jacket', 'Gore-Tex Waterproof', 1, 12000, 200, 13500, 12200, 13500, 'pending', 14, 14, 'https://picsum.photos/seed/north-face-jacket/400/400', datetime('now', '-12 days')),
(40, '28c8470c-cfbd-492f-8a06-c5ee580ba089', 'ORD-28c8-040', 'Adidas Running Shoes', 'Ultraboost 23', 1, 9000, 150, 10000, 9150, 10000, 'bought', 15, 15, 'https://picsum.photos/seed/adidas-running-shoes/400/400', datetime('now', '-11 days')),
(41, '28c8470c-cfbd-492f-8a06-c5ee580ba089', 'ORD-28c8-041', 'L''Oreal Gift Set', 'Premium Skincare', 1, 4500, 100, 5000, 4600, 5000, 'delivered', 16, 16, 'https://picsum.photos/seed/loreal-gift-set/400/400', datetime('now', '-10 days')),
(42, '28c8470c-cfbd-492f-8a06-c5ee580ba089', 'ORD-28c8-042', 'Centrum Complete', '365 Tablets', 3, 2500, 50, 2800, 7650, 8400, 'packed', 17, 17, 'https://picsum.photos/seed/centrum-complete/400/400', datetime('now', '-9 days')),
(43, '28c8470c-cfbd-492f-8a06-c5ee580ba089', 'ORD-28c8-043', 'Makita Drill Set', 'Cordless 18V', 1, 8500, 200, 9500, 8700, 9500, 'pending', 18, 18, 'https://picsum.photos/seed/makita-drill-set/400/400', datetime('now', '-8 days')),
(44, '28c8470c-cfbd-492f-8a06-c5ee580ba089', 'ORD-28c8-044', 'Stanley Tool Box', 'Rolling Workshop', 1, 6500, 150, 7200, 6650, 7200, 'bought', 19, 19, 'https://picsum.photos/seed/stanley-tool-box/400/400', datetime('now', '-7 days')),
(45, '28c8470c-cfbd-492f-8a06-c5ee580ba089', 'ORD-28c8-045', 'Bosch Pressure Washer', '140 Bar Model', 1, 12000, 300, 13500, 12300, 13500, 'delivered', 20, 20, 'https://picsum.photos/seed/bosch-pressure-washer/400/400', datetime('now', '-6 days')),
(46, '28c8470c-cfbd-492f-8a06-c5ee580ba089', 'ORD-28c8-046', 'Standing Desk', 'Electric Adjustable', 1, 22000, 500, 25000, 22500, 25000, 'packed', 21, 21, 'https://picsum.photos/seed/standing-desk/400/400', datetime('now', '-5 days')),
(47, '28c8470c-cfbd-492f-8a06-c5ee580ba089', 'ORD-28c8-047', 'Samsung SSD', '2TB 990 Pro', 2, 12000, 100, 13000, 24200, 26000, 'pending', 22, 22, 'https://picsum.photos/seed/samsung-ssd/400/400', datetime('now', '-4 days')),
(48, '28c8470c-cfbd-492f-8a06-c5ee580ba089', 'ORD-28c8-048', 'Magic Keyboard', 'With Touch ID', 1, 12000, 150, 13000, 12150, 13000, 'bought', 23, 23, 'https://picsum.photos/seed/magic-keyboard/400/400', datetime('now', '-3 days')),
(49, '28c8470c-cfbd-492f-8a06-c5ee580ba089', 'ORD-28c8-049', 'Xiaomi Robot Vacuum', 'S10 Pro', 1, 18000, 300, 20000, 18300, 20000, 'delivered', 24, 24, 'https://picsum.photos/seed/xiaomi-robot-vacuum/400/400', datetime('now', '-2 days')),
(50, '28c8470c-cfbd-492f-8a06-c5ee580ba089', 'ORD-28c8-050', 'Buds Air 5 Pro', 'Noise Cancelling', 3, 5500, 100, 6000, 16800, 18000, 'pending', 25, 25, 'https://picsum.photos/seed/buds-air-5-pro/400/400', datetime('now', '-1 days'));

INSERT INTO payments (id, organization_id, payment_amount, payment_method, payment_reference, payment_status, customer_id, payment_proof, created_at) VALUES
(1, '28c8470c-cfbd-492f-8a06-c5ee580ba089', 68000, 'gcash', 'GCash-001', 'confirmed', 1, 'https://picsum.photos/seed/0jjl9/400/600', datetime('now', '-48 days')),
(2, '28c8470c-cfbd-492f-8a06-c5ee580ba089', 75000, 'bank_transfer', 'BDO-002', 'pending', 2, 'https://picsum.photos/seed/q9iupn/400/600', datetime('now', '-47 days')),
(3, '28c8470c-cfbd-492f-8a06-c5ee580ba089', 58000, 'gcash', 'GCash-003', 'confirmed', 3, 'https://picsum.photos/seed/6qhiy8/400/600', datetime('now', '-46 days')),
(4, '28c8470c-cfbd-492f-8a06-c5ee580ba089', 89000, 'bank_transfer', 'BPI-004', 'confirmed', 4, 'https://picsum.photos/seed/xme9n8/400/600', datetime('now', '-45 days')),
(5, '28c8470c-cfbd-492f-8a06-c5ee580ba089', 31000, 'cash', NULL, 'confirmed', 5, 'https://picsum.photos/seed/cjdlpk/400/600', datetime('now', '-44 days')),
(6, '28c8470c-cfbd-492f-8a06-c5ee580ba089', 50000, 'paymaya', 'Maya-006', 'pending', 6, 'https://picsum.photos/seed/du6x7a/400/600', datetime('now', '-43 days')),
(7, '28c8470c-cfbd-492f-8a06-c5ee580ba089', 38000, 'gcash', 'GCash-007', 'confirmed', 7, 'https://picsum.photos/seed/isaxu/400/600', datetime('now', '-42 days')),
(8, '28c8470c-cfbd-492f-8a06-c5ee580ba089', 130000, 'bank_transfer', 'Metrobank-008', 'confirmed', 8, 'https://picsum.photos/seed/ke7w0c/400/600', datetime('now', '-41 days')),
(9, '28c8470c-cfbd-492f-8a06-c5ee580ba089', 24000, 'gcash', 'GCash-009', 'confirmed', 9, 'https://picsum.photos/seed/apgngl/400/600', datetime('now', '-40 days')),
(10, '28c8470c-cfbd-492f-8a06-c5ee580ba089', 35000, 'cash', NULL, 'confirmed', 10, 'https://picsum.photos/seed/rz4rrz/400/600', datetime('now', '-39 days')),
(11, '28c8470c-cfbd-492f-8a06-c5ee580ba089', 9500, 'gcash', 'GCash-011', 'pending', 11, 'https://picsum.photos/seed/sse499/400/600', datetime('now', '-38 days')),
(12, '28c8470c-cfbd-492f-8a06-c5ee580ba089', 4000, 'paymaya', 'Maya-012', 'confirmed', 12, 'https://picsum.photos/seed/i1hloi/400/600', datetime('now', '-37 days')),
(13, '28c8470c-cfbd-492f-8a06-c5ee580ba089', 13500, 'bank_transfer', 'UnionBank-013', 'confirmed', 13, 'https://picsum.photos/seed/k2p8rt/400/600', datetime('now', '-36 days')),
(14, '28c8470c-cfbd-492f-8a06-c5ee580ba089', 8500, 'gcash', 'GCash-014', 'confirmed', 14, 'https://picsum.photos/seed/33lqw/400/600', datetime('now', '-35 days')),
(15, '28c8470c-cfbd-492f-8a06-c5ee580ba089', 8400, 'cash', NULL, 'confirmed', 15, 'https://picsum.photos/seed/w833n7/400/600', datetime('now', '-34 days')),
(16, '28c8470c-cfbd-492f-8a06-c5ee580ba089', 6200, 'gcash', 'GCash-016', 'pending', 16, 'https://picsum.photos/seed/yna3rl/400/600', datetime('now', '-33 days')),
(17, '28c8470c-cfbd-492f-8a06-c5ee580ba089', 3500, 'paymaya', 'Maya-017', 'confirmed', 17, 'https://picsum.photos/seed/g4vhcv/400/600', datetime('now', '-32 days')),
(18, '28c8470c-cfbd-492f-8a06-c5ee580ba089', 16500, 'bank_transfer', 'Landbank-018', 'confirmed', 18, 'https://picsum.photos/seed/emlcz/400/600', datetime('now', '-31 days')),
(19, '28c8470c-cfbd-492f-8a06-c5ee580ba089', 5000, 'gcash', 'GCash-019', 'confirmed', 19, 'https://picsum.photos/seed/gsqaxh/400/600', datetime('now', '-30 days')),
(20, '28c8470c-cfbd-492f-8a06-c5ee580ba089', 6800, 'cash', NULL, 'confirmed', 20, 'https://picsum.photos/seed/gk5/400/600', datetime('now', '-29 days')),
(21, '28c8470c-cfbd-492f-8a06-c5ee580ba089', 13500, 'gcash', 'GCash-021', 'pending', 21, 'https://picsum.photos/seed/q4lc9h/400/600', datetime('now', '-28 days')),
(22, '28c8470c-cfbd-492f-8a06-c5ee580ba089', 55000, 'bank_transfer', 'BDO-022', 'confirmed', 22, 'https://picsum.photos/seed/41x0um/400/600', datetime('now', '-27 days')),
(23, '28c8470c-cfbd-492f-8a06-c5ee580ba089', 72000, 'bank_transfer', 'BPI-023', 'confirmed', 23, 'https://picsum.photos/seed/9v653r/400/600', datetime('now', '-26 days')),
(24, '28c8470c-cfbd-492f-8a06-c5ee580ba089', 62000, 'gcash', 'GCash-024', 'confirmed', 24, 'https://picsum.photos/seed/g4w8gj/400/600', datetime('now', '-25 days')),
(25, '28c8470c-cfbd-492f-8a06-c5ee580ba089', 30000, 'paymaya', 'Maya-025', 'confirmed', 25, 'https://picsum.photos/seed/a1i2ld/400/600', datetime('now', '-24 days'));

